request_id,source_location_id,destination_location_id,category,urgency,time_submitted,deadline,status
Q001,L002,L003,Medical,5,2026-07-01T08:15,2026-07-01T09:00,NEW
Q002,L001,L002,Document,2,2026-07-01T08:20,2026-07-01T11:30,NEW
Q003,L001,L030,Medical,5,2026-07-02T09:47,2026-07-02T10:20,COMPLETED
Q004,L025,L020,Medical,5,2026-07-01T10:14,2026-07-01T11:00,COMPLETED
Q005,L029,L027,Medical,3,2026-07-04T10:28,2026-07-04T13:43,IN_PROGRESS
Q006,L031,L032,Medical,5,2026-07-04T12:17,2026-07-04T12:51,IN_PROGRESS
Q007,L011,L010,Document,3,2026-07-03T20:22,2026-07-03T23:39,IN_PROGRESS
Q008,L030,L021,Medical,4,2026-07-04T08:35,2026-07-04T09:53,COMPLETED
Q009,L017,L009,Document,5,2026-07-02T19:18,2026-07-02T19:50,COMPLETED
Q010,L019,L015,Medical,4,2026-07-07T12:10,2026-07-07T13:33,IN_PROGRESS
Q011,L009,L015,Document,2,2026-07-02T09:29,2026-07-02T15:06,IN_PROGRESS
Q012,L028,L017,Medical,2,2026-07-07T07:14,2026-07-07T14:44,NEW
Q013,L030,L022,Document,4,2026-07-05T18:20,2026-07-05T19:33,COMPLETED
Q014,L034,L014,Document,3,2026-07-02T18:35,2026-07-02T21:43,IN_PROGRESS
Q015,L030,L028,Document,3,2026-07-02T15:31,2026-07-02T17:42,COMPLETED
Q016,L011,L027,Medical,5,2026-07-06T13:38,2026-07-06T14:10,IN_PROGRESS
Q017,L038,L021,Document,1,2026-07-07T07:43,2026-07-08T04:01,NEW
Q018,L026,L012,Document,3,2026-07-02T14:00,2026-07-02T17:32,COMPLETED
Q019,L037,L016,Document,2,2026-07-01T20:40,2026-07-02T01:56,COMPLETED
Q020,L011,L018,Medical,3,2026-07-05T19:59,2026-07-05T23:06,CANCELLED
Q021,L036,L006,Document,4,2026-07-03T20:51,2026-07-03T22:10,IN_PROGRESS
Q022,L025,L003,Medical,5,2026-07-04T20:04,2026-07-04T20:58,COMPLETED
Q023,L011,L028,Medical,4,2026-07-05T09:16,2026-07-05T10:49,COMPLETED
Q024,L018,L017,Document,2,2026-07-04T17:41,2026-07-04T23:16,COMPLETED
Q025,L012,L020,Document,3,2026-07-03T07:37,2026-07-03T10:47,IN_PROGRESS
Q026,L001,L003,Medical,3,2026-07-01T10:04,2026-07-01T13:59,NEW
Q027,L009,L037,Document,3,2026-07-06T14:13,2026-07-06T17:22,NEW
Q028,L020,L035,Document,1,2026-07-02T08:06,2026-07-03T03:20,COMPLETED
Q029,L031,L034,Document,1,2026-07-01T17:41,2026-07-02T12:42,NEW
Q030,L026,L011,Document,3,2026-07-02T15:28,2026-07-02T17:45,COMPLETED
Q031,L034,L020,Document,1,2026-07-01T14:51,2026-07-02T13:33,COMPLETED
Q032,L002,L027,Medical,1,2026-07-07T07:05,2026-07-08T06:53,COMPLETED
Q033,L014,L030,Document,2,2026-07-01T20:34,2026-07-02T00:58,IN_PROGRESS
Q034,L023,L013,Medical,5,2026-07-04T13:04,2026-07-04T13:41,NEW
Q035,L008,L012,Document,1,2026-07-06T17:37,2026-07-07T02:40,COMPLETED
Q036,L008,L019,Document,5,2026-07-07T09:18,2026-07-07T10:01,NEW
Q037,L025,L016,Medical,4,2026-07-06T09:06,2026-07-06T10:43,COMPLETED
Q038,L018,L004,Medical,4,2026-07-01T16:03,2026-07-01T17:42,IN_PROGRESS
Q039,L025,L034,Document,2,2026-07-04T12:19,2026-07-04T17:22,COMPLETED
Q040,L003,L025,Medical,4,2026-07-04T12:46,2026-07-04T14:14,IN_PROGRESS
Q041,L004,L023,Medical,4,2026-07-07T12:09,2026-07-07T14:08,COMPLETED
Q042,L028,L003,Medical,3,2026-07-05T19:56,2026-07-05T23:40,IN_PROGRESS
Q043,L036,L034,Document,4,2026-07-01T11:30,2026-07-01T13:14,COMPLETED
Q044,L030,L029,Medical,4,2026-07-05T17:52,2026-07-05T19:20,IN_PROGRESS
Q045,L027,L006,Document,1,2026-07-03T09:39,2026-07-03T19:38,COMPLETED
Q046,L031,L016,Medical,5,2026-07-02T13:25,2026-07-02T14:24,COMPLETED
Q047,L012,L021,Medical,4,2026-07-03T09:52,2026-07-03T11:19,COMPLETED
Q048,L031,L027,Document,2,2026-07-04T10:09,2026-07-04T14:30,NEW
Q049,L028,L014,Medical,5,2026-07-07T16:11,2026-07-07T16:49,IN_PROGRESS
Q050,L020,L024,Medical,4,2026-07-05T12:08,2026-07-05T13:52,COMPLETED
Q051,L021,L031,Medical,1,2026-07-06T19:35,2026-07-07T10:16,IN_PROGRESS
Q052,L011,L035,Document,2,2026-07-01T10:04,2026-07-01T14:57,COMPLETED
Q053,L017,L026,Medical,5,2026-07-01T16:09,2026-07-01T16:56,NEW
Q054,L006,L009,Document,1,2026-07-05T13:09,2026-07-06T07:58,IN_PROGRESS
Q055,L028,L035,Document,4,2026-07-07T14:29,2026-07-07T15:59,COMPLETED
Q056,L011,L004,Medical,3,2026-07-06T11:30,2026-07-06T15:16,COMPLETED
Q057,L013,L023,Medical,4,2026-07-06T15:58,2026-07-06T16:59,COMPLETED
Q058,L010,L021,Document,2,2026-07-02T12:49,2026-07-02T17:46,COMPLETED
Q059,L019,L017,Document,1,2026-07-07T13:47,2026-07-08T11:29,IN_PROGRESS
Q060,L027,L006,Document,1,2026-07-07T11:30,2026-07-07T23:55,NEW
Q061,L033,L027,Document,1,2026-07-03T08:14,2026-07-03T17:58,IN_PROGRESS
Q062,L017,L013,Medical,4,2026-07-05T20:00,2026-07-05T21:30,CANCELLED
Q063,L016,L019,Document,5,2026-07-04T15:42,2026-07-04T16:20,COMPLETED
Q064,L024,L020,Medical,3,2026-07-05T22:26,2026-07-06T01:20,NEW
Q065,L048,L007,Medical,1,2026-07-06T22:23,2026-07-07T11:16,CANCELLED
Q066,L028,L029,Medical,1,2026-07-01T15:22,2026-07-02T04:32,COMPLETED
Q067,L045,L010,Medical,5,2026-07-03T14:02,2026-07-03T14:41,IN_PROGRESS
Q068,L050,L028,Document,2,2026-07-03T09:51,2026-07-03T13:27,NEW
Q069,L020,L023,Medical,2,2026-07-03T17:53,2026-07-03T21:07,COMPLETED
Q070,L023,L029,Medical,2,2026-07-02T21:46,2026-07-03T01:27,COMPLETED
Q071,L006,L036,Medical,3,2026-07-01T08:51,2026-07-01T11:17,IN_PROGRESS
Q072,L038,L015,Document,4,2026-07-07T11:53,2026-07-07T12:38,NEW
Q073,L003,L016,Document,2,2026-07-08T12:32,2026-07-08T16:23,IN_PROGRESS
Q074,L034,L027,Document,4,2026-07-08T08:07,2026-07-08T09:09,COMPLETED
Q075,L026,L011,Document,1,2026-07-02T16:58,2026-07-03T03:08,COMPLETED
Q076,L041,L034,Document,5,2026-07-08T20:12,2026-07-08T20:57,NEW
Q077,L016,L003,Document,5,2026-07-06T11:16,2026-07-06T11:47,IN_PROGRESS
Q078,L022,L026,Document,1,2026-07-08T13:26,2026-07-09T01:18,NEW
Q079,L044,L035,Medical,1,2026-07-06T15:30,2026-07-07T05:14,IN_PROGRESS
Q080,L025,L014,Medical,1,2026-07-08T12:58,2026-07-08T23:09,COMPLETED
Q081,L022,L016,Document,3,2026-07-05T13:24,2026-07-05T15:28,NEW
Q082,L030,L045,Medical,2,2026-07-07T09:21,2026-07-07T13:32,COMPLETED
Q083,L027,L009,Document,1,2026-07-04T21:48,2026-07-05T10:21,NEW
Q084,L011,L042,Document,5,2026-07-07T22:11,2026-07-07T22:33,COMPLETED
Q085,L040,L049,Medical,3,2026-07-05T18:57,2026-07-05T20:55,COMPLETED
Q086,L033,L030,Document,1,2026-07-05T16:38,2026-07-06T02:38,CANCELLED
Q087,L011,L016,Medical,1,2026-07-06T06:28,2026-07-06T17:22,IN_PROGRESS
Q088,L045,L033,Document,5,2026-07-07T07:41,2026-07-07T08:20,CANCELLED
Q089,L018,L002,Document,5,2026-07-05T07:21,2026-07-05T07:47,NEW
Q090,L032,L026,Medical,3,2026-07-07T22:14,2026-07-08T00:01,COMPLETED
Q091,L046,L043,Medical,5,2026-07-02T20:09,2026-07-02T20:38,COMPLETED
Q092,L036,L031,Medical,5,2026-07-01T14:37,2026-07-01T15:05,IN_PROGRESS
Q093,L007,L039,Document,5,2026-07-03T17:44,2026-07-03T18:06,IN_PROGRESS
Q094,L047,L026,Medical,3,2026-07-01T14:09,2026-07-01T16:44,CANCELLED
Q095,L013,L041,Document,2,2026-07-06T15:08,2026-07-06T18:51,COMPLETED
Q096,L013,L022,Document,2,2026-07-07T08:47,2026-07-07T12:58,COMPLETED
Q097,L022,L040,Document,1,2026-07-07T21:16,2026-07-08T05:39,IN_PROGRESS
Q098,L047,L029,Document,2,2026-07-06T21:58,2026-07-07T02:47,CANCELLED
Q099,L028,L032,Medical,3,2026-07-06T17:29,2026-07-06T19:27,NEW
Q100,L038,L043,Document,2,2026-07-08T14:55,2026-07-08T17:58,NEW
Q101,L009,L015,Document,1,2026-07-05T11:39,2026-07-06T01:30,COMPLETED
Q102,L016,L045,Document,1,2026-07-03T07:51,2026-07-03T22:23,IN_PROGRESS
Q103,L043,L005,Medical,3,2026-07-05T06:37,2026-07-05T08:37,CANCELLED
Q104,L048,L011,Medical,3,2026-07-07T20:05,2026-07-07T21:37,COMPLETED
Q105,L034,L035,Document,3,2026-07-04T15:35,2026-07-04T18:01,CANCELLED
Q106,L011,L044,Medical,1,2026-07-08T09:25,2026-07-08T17:12,COMPLETED
Q107,L026,L019,Document,1,2026-07-04T06:09,2026-07-04T19:26,IN_PROGRESS
Q108,L031,L034,Document,2,2026-07-05T06:58,2026-07-05T11:30,COMPLETED
Q109,L040,L005,Document,2,2026-07-04T20:44,2026-07-05T01:10,CANCELLED
Q110,L027,L041,Document,5,2026-07-01T10:01,2026-07-01T10:23,COMPLETED
Q111,L048,L021,Document,3,2026-07-07T16:03,2026-07-07T17:40,COMPLETED
Q112,L030,L008,Medical,5,2026-07-03T12:11,2026-07-03T12:35,IN_PROGRESS
Q113,L028,L048,Medical,5,2026-07-01T21:24,2026-07-01T22:01,IN_PROGRESS
Q114,L044,L014,Medical,5,2026-07-01T16:58,2026-07-01T17:32,COMPLETED
Q115,L043,L037,Medical,2,2026-07-07T20:15,2026-07-08T00:44,COMPLETED
Q116,L034,L035,Document,2,2026-07-05T18:02,2026-07-05T20:53,NEW
Q117,L001,L033,Medical,3,2026-07-01T17:41,2026-07-01T20:09,NEW
Q118,L020,L034,Medical,2,2026-07-03T14:17,2026-07-03T17:08,NEW
Q119,L021,L015,Medical,1,2026-07-01T13:36,2026-07-02T03:41,COMPLETED
Q120,L007,L028,Document,4,2026-07-08T17:07,2026-07-08T18:01,COMPLETED
Q121,L012,L036,Document,4,2026-07-01T21:31,2026-07-01T22:32,COMPLETED
Q122,L007,L018,Medical,5,2026-07-05T11:01,2026-07-05T11:38,COMPLETED
Q123,L033,L046,Document,4,2026-07-07T14:04,2026-07-07T14:50,NEW
Q124,L032,L006,Medical,5,2026-07-04T09:27,2026-07-04T10:12,NEW
Q125,L033,L001,Document,1,2026-07-07T11:47,2026-07-07T23:26,COMPLETED
Q126,L010,L028,Medical,1,2026-07-03T20:50,2026-07-04T11:12,COMPLETED
Q127,L037,L036,Medical,5,2026-07-06T14:23,2026-07-06T15:08,COMPLETED
Q128,L016,L030,Document,4,2026-07-01T09:15,2026-07-01T10:25,COMPLETED
Q129,L014,L013,Medical,2,2026-07-06T10:32,2026-07-06T15:12,COMPLETED
Q130,L028,L037,Document,2,2026-07-07T07:22,2026-07-07T11:14,COMPLETED
Q131,L039,L035,Document,1,2026-07-01T21:45,2026-07-02T08:51,IN_PROGRESS
Q132,L021,L026,Medical,3,2026-07-03T22:09,2026-07-03T23:48,NEW
Q133,L048,L047,Medical,4,2026-07-06T20:35,2026-07-06T21:37,CANCELLED
Q134,L011,L009,Medical,4,2026-07-02T22:56,2026-07-02T23:54,NEW
Q135,L015,L001,Document,3,2026-07-02T15:58,2026-07-02T17:48,COMPLETED
Q136,L019,L022,Medical,5,2026-07-05T14:02,2026-07-05T14:45,NEW
Q137,L022,L001,Document,3,2026-07-07T11:40,2026-07-07T14:32,COMPLETED
Q138,L019,L045,Medical,2,2026-07-07T11:26,2026-07-07T16:22,IN_PROGRESS
Q139,L025,L012,Document,3,2026-07-08T09:47,2026-07-08T11:43,IN_PROGRESS
Q140,L027,L003,Medical,3,2026-07-03T20:38,2026-07-03T22:18,NEW
Q141,L033,L001,Document,1,2026-07-06T15:01,2026-07-06T23:36,NEW
Q142,L009,L018,Document,1,2026-07-04T19:56,2026-07-05T07:18,IN_PROGRESS
Q143,L034,L049,Medical,2,2026-07-01T21:43,2026-07-02T01:04,CANCELLED
Q144,L026,L049,Document,3,2026-07-06T14:34,2026-07-06T16:09,NEW
Q145,L009,L026,Medical,2,2026-07-03T10:26,2026-07-03T14:36,COMPLETED
Q146,L031,L001,Medical,4,2026-07-06T07:30,2026-07-06T08:15,COMPLETED
Q147,L041,L028,Medical,5,2026-07-08T06:20,2026-07-08T06:46,NEW
Q148,L036,L034,Medical,5,2026-07-07T07:44,2026-07-07T08:07,NEW
Q149,L042,L047,Medical,2,2026-07-04T19:02,2026-07-04T23:56,COMPLETED
Q150,L023,L035,Medical,4,2026-07-03T10:16,2026-07-03T11:10,COMPLETED
Q151,L023,L027,Document,5,2026-07-06T10:17,2026-07-06T10:57,NEW
Q152,L027,L044,Document,5,2026-07-04T22:04,2026-07-04T22:43,COMPLETED
Q153,L024,L050,Medical,1,2026-07-04T16:49,2026-07-05T05:24,NEW
Q154,L048,L037,Medical,5,2026-07-06T10:14,2026-07-06T10:44,COMPLETED
Q155,L011,L002,Document,3,2026-07-04T20:03,2026-07-04T22:49,COMPLETED
Q156,L011,L019,Medical,4,2026-07-03T20:03,2026-07-03T21:07,NEW
Q157,L002,L003,Medical,1,2026-07-02T19:09,2026-07-03T08:36,COMPLETED
Q158,L047,L042,Medical,1,2026-07-01T21:46,2026-07-02T07:46,NEW
Q159,L037,L029,Document,5,2026-07-05T07:41,2026-07-05T08:22,NEW
Q160,L024,L047,Document,3,2026-07-02T11:17,2026-07-02T14:10,COMPLETED
Q161,L038,L030,Document,2,2026-07-08T07:34,2026-07-08T11:01,NEW
Q162,L018,L040,Document,2,2026-07-04T16:02,2026-07-04T20:13,IN_PROGRESS
Q163,L015,L030,Medical,4,2026-07-04T15:09,2026-07-04T16:36,COMPLETED
Q164,L019,L026,Medical,4,2026-07-07T21:42,2026-07-07T22:28,NEW
Q165,L036,L021,Medical,5,2026-07-02T22:48,2026-07-02T23:19,NEW
Q166,L023,L019,Document,1,2026-07-05T11:42,2026-07-05T22:08,COMPLETED
Q167,L037,L031,Document,4,2026-07-03T17:14,2026-07-03T18:34,IN_PROGRESS
Q168,L033,L034,Medical,4,2026-07-08T10:14,2026-07-08T11:36,NEW
Q169,L015,L049,Medical,1,2026-07-08T14:55,2026-07-09T01:57,COMPLETED
Q170,L041,L016,Medical,5,2026-07-05T06:44,2026-07-05T07:22,COMPLETED
Q171,L038,L007,Document,4,2026-07-07T16:26,2026-07-07T17:45,IN_PROGRESS
Q172,L017,L004,Document,1,2026-07-08T17:23,2026-07-09T05:49,NEW
Q173,L042,L026,Medical,1,2026-07-01T08:23,2026-07-01T21:10,CANCELLED
Q174,L001,L043,Medical,3,2026-07-05T17:16,2026-07-05T20:13,NEW
Q175,L012,L004,Medical,2,2026-07-05T21:38,2026-07-06T02:31,COMPLETED
Q176,L049,L020,Document,5,2026-07-06T13:39,2026-07-06T14:03,COMPLETED
Q177,L048,L040,Document,2,2026-07-06T22:06,2026-07-07T01:16,COMPLETED
Q178,L042,L020,Medical,4,2026-07-03T13:49,2026-07-03T14:37,NEW
Q179,L018,L037,Document,2,2026-07-02T17:28,2026-07-02T21:02,COMPLETED
Q180,L035,L009,Document,5,2026-07-03T06:31,2026-07-03T07:16,COMPLETED
Q181,L039,L015,Medical,1,2026-07-04T10:41,2026-07-04T18:41,IN_PROGRESS
Q182,L013,L034,Document,4,2026-07-07T14:31,2026-07-07T15:38,NEW
Q183,L044,L022,Document,5,2026-07-01T20:03,2026-07-01T20:34,NEW
Q184,L046,L043,Medical,1,2026-07-05T09:22,2026-07-05T18:27,NEW
Q185,L040,L015,Document,4,2026-07-06T13:38,2026-07-06T14:55,COMPLETED
Q186,L006,L041,Medical,3,2026-07-02T06:32,2026-07-02T08:07,COMPLETED
Q187,L029,L030,Document,5,2026-07-06T22:12,2026-07-06T22:47,COMPLETED
Q188,L041,L029,Document,5,2026-07-06T07:44,2026-07-06T08:15,COMPLETED
Q189,L036,L029,Document,4,2026-07-01T19:47,2026-07-01T20:56,NEW
Q190,L014,L019,Medical,1,2026-07-06T19:22,2026-07-07T07:09,COMPLETED
Q191,L038,L037,Medical,4,2026-07-02T13:34,2026-07-02T14:23,CANCELLED
Q192,L029,L033,Medical,1,2026-07-02T19:07,2026-07-03T02:58,COMPLETED
Q193,L027,L016,Document,4,2026-07-02T19:12,2026-07-02T20:34,COMPLETED
Q194,L016,L015,Medical,1,2026-07-04T12:42,2026-07-05T02:54,IN_PROGRESS
Q195,L012,L004,Document,4,2026-07-03T11:26,2026-07-03T12:45,COMPLETED
Q196,L047,L036,Document,2,2026-07-07T21:22,2026-07-08T00:05,CANCELLED
Q197,L020,L003,Medical,2,2026-07-06T21:13,2026-07-07T00:34,NEW
Q198,L025,L050,Medical,2,2026-07-03T10:27,2026-07-03T13:40,IN_PROGRESS
Q199,L028,L015,Document,1,2026-07-06T19:58,2026-07-07T06:02,IN_PROGRESS
Q200,L043,L020,Medical,1,2026-07-07T12:10,2026-07-08T01:30,COMPLETED
Q201,L049,L013,Medical,2,2026-07-01T22:01,2026-07-02T02:19,COMPLETED
Q202,L004,L037,Document,4,2026-07-01T18:29,2026-07-01T19:25,COMPLETED
Q203,L040,L043,Document,3,2026-07-01T07:41,2026-07-01T10:17,COMPLETED
Q204,L034,L023,Document,5,2026-07-03T19:42,2026-07-03T20:05,IN_PROGRESS
Q205,L026,L034,Medical,1,2026-07-04T19:54,2026-07-05T06:31,NEW
Q206,L013,L048,Medical,4,2026-07-06T13:15,2026-07-06T14:22,IN_PROGRESS
Q207,L009,L013,Medical,1,2026-07-02T21:58,2026-07-03T09:59,IN_PROGRESS
Q208,L003,L024,Medical,2,2026-07-01T08:41,2026-07-01T12:31,COMPLETED
Q209,L042,L019,Medical,2,2026-07-04T06:25,2026-07-04T11:24,COMPLETED
Q210,L015,L045,Medical,3,2026-07-02T07:27,2026-07-02T10:12,NEW
Q211,L035,L014,Document,4,2026-07-02T08:38,2026-07-02T09:46,COMPLETED
Q212,L027,L046,Document,4,2026-07-08T14:05,2026-07-08T15:20,COMPLETED
Q213,L046,L011,Medical,4,2026-07-08T14:32,2026-07-08T15:31,NEW
Q214,L041,L042,Document,3,2026-07-05T18:48,2026-07-05T21:24,IN_PROGRESS
Q215,L015,L019,Document,5,2026-07-08T10:05,2026-07-08T10:40,NEW
Q216,L040,L008,Document,1,2026-07-03T06:11,2026-07-03T19:25,CANCELLED
Q217,L042,L007,Document,1,2026-07-07T22:20,2026-07-08T08:28,IN_PROGRESS
Q218,L048,L044,Medical,4,2026-07-08T12:30,2026-07-08T13:59,CANCELLED
Q219,L040,L017,Medical,4,2026-07-01T07:09,2026-07-01T08:32,CANCELLED
Q220,L039,L037,Medical,3,2026-07-04T14:04,2026-07-04T15:37,CANCELLED
Q221,L024,L050,Document,3,2026-07-03T08:17,2026-07-03T10:27,COMPLETED
Q222,L047,L042,Medical,2,2026-07-07T17:44,2026-07-07T22:08,IN_PROGRESS
Q223,L047,L040,Medical,5,2026-07-03T12:21,2026-07-03T13:06,IN_PROGRESS
Q224,L034,L023,Document,2,2026-07-05T19:56,2026-07-05T23:31,IN_PROGRESS
Q225,L013,L017,Document,5,2026-07-05T07:13,2026-07-05T07:43,IN_PROGRESS
Q226,L008,L015,Medical,1,2026-07-05T10:32,2026-07-05T20:07,COMPLETED
Q227,L025,L036,Medical,1,2026-07-07T09:41,2026-07-07T19:46,COMPLETED
Q228,L040,L023,Medical,5,2026-07-05T21:35,2026-07-05T22:02,IN_PROGRESS
Q229,L047,L030,Medical,5,2026-07-08T21:22,2026-07-08T21:46,IN_PROGRESS
Q230,L029,L014,Medical,5,2026-07-06T16:46,2026-07-06T17:21,IN_PROGRESS
Q231,L020,L042,Document,5,2026-07-01T08:47,2026-07-01T09:12,CANCELLED
Q232,L033,L021,Document,4,2026-07-05T10:31,2026-07-05T11:24,NEW
Q233,L024,L019,Medical,2,2026-07-02T09:22,2026-07-02T13:09,IN_PROGRESS
Q234,L035,L042,Document,2,2026-07-01T07:02,2026-07-01T10:16,NEW
Q235,L030,L044,Document,1,2026-07-07T12:59,2026-07-08T03:26,IN_PROGRESS
Q236,L010,L020,Medical,2,2026-07-01T12:42,2026-07-01T17:25,COMPLETED
Q237,L041,L038,Medical,3,2026-07-04T07:59,2026-07-04T09:48,IN_PROGRESS
Q238,L050,L005,Medical,2,2026-07-02T06:14,2026-07-02T11:07,IN_PROGRESS
Q239,L045,L040,Medical,4,2026-07-04T13:17,2026-07-04T14:43,NEW
Q240,L043,L049,Document,4,2026-07-03T16:03,2026-07-03T17:20,CANCELLED
Q241,L012,L006,Document,5,2026-07-02T16:32,2026-07-02T17:08,COMPLETED
Q242,L023,L034,Document,3,2026-07-07T12:56,2026-07-07T14:51,IN_PROGRESS
Q243,L011,L045,Document,5,2026-07-07T12:39,2026-07-07T13:04,IN_PROGRESS
Q244,L022,L033,Document,1,2026-07-01T19:14,2026-07-02T04:46,IN_PROGRESS
Q245,L049,L024,Document,4,2026-07-01T08:15,2026-07-01T09:22,IN_PROGRESS
Q246,L046,L041,Document,4,2026-07-01T11:35,2026-07-01T12:27,IN_PROGRESS
Q247,L021,L041,Medical,2,2026-07-06T09:23,2026-07-06T13:55,COMPLETED
Q248,L044,L018,Medical,4,2026-07-06T22:20,2026-07-06T23:20,COMPLETED
Q249,L025,L047,Medical,1,2026-07-01T20:26,2026-07-02T10:37,COMPLETED
Q250,L024,L012,Document,3,2026-07-05T21:05,2026-07-05T23:37,NEW
Q251,L019,L009,Document,5,2026-07-05T14:13,2026-07-05T14:54,IN_PROGRESS
Q252,L021,L011,Document,1,2026-07-06T06:21,2026-07-06T16:31,NEW
Q253,L011,L046,Medical,3,2026-07-01T20:56,2026-07-01T22:43,IN_PROGRESS
Q254,L006,L038,Document,2,2026-07-07T11:38,2026-07-07T14:51,COMPLETED
Q255,L013,L018,Medical,5,2026-07-03T20:35,2026-07-03T21:07,COMPLETED
Q256,L035,L041,Medical,5,2026-07-08T12:53,2026-07-08T13:19,COMPLETED
Q257,L049,L034,Document,1,2026-07-07T14:59,2026-07-08T01:33,COMPLETED
Q258,L030,L018,Medical,4,2026-07-04T10:00,2026-07-04T11:25,IN_PROGRESS
Q259,L050,L023,Document,4,2026-07-04T14:34,2026-07-04T15:46,NEW
Q260,L005,L043,Medical,3,2026-07-07T15:59,2026-07-07T17:42,NEW
Q261,L050,L023,Document,1,2026-07-08T22:29,2026-07-09T12:42,COMPLETED
Q262,L040,L026,Document,2,2026-07-08T21:24,2026-07-09T00:42,COMPLETED
Q263,L050,L026,Document,4,2026-07-03T13:31,2026-07-03T14:34,IN_PROGRESS
Q264,L028,L014,Document,4,2026-07-02T11:41,2026-07-02T13:10,CANCELLED
Q265,L020,L039,Document,3,2026-07-02T12:00,2026-07-02T14:18,IN_PROGRESS
Q266,L007,L016,Document,2,2026-07-05T11:13,2026-07-05T15:04,NEW
Q267,L050,L044,Medical,1,2026-07-01T12:52,2026-07-02T02:53,COMPLETED
Q268,L002,L026,Document,1,2026-07-02T08:54,2026-07-02T18:43,CANCELLED
Q269,L050,L013,Document,5,2026-07-02T07:57,2026-07-02T08:36,IN_PROGRESS
Q270,L010,L013,Document,2,2026-07-08T22:02,2026-07-09T02:51,IN_PROGRESS
Q271,L028,L024,Medical,5,2026-07-06T13:47,2026-07-06T14:26,COMPLETED
Q272,L020,L050,Document,4,2026-07-01T21:22,2026-07-01T22:19,COMPLETED
Q273,L007,L045,Document,2,2026-07-05T17:57,2026-07-05T21:20,IN_PROGRESS
Q274,L049,L020,Medical,1,2026-07-07T20:07,2026-07-08T10:18,COMPLETED
Q275,L005,L042,Medical,4,2026-07-03T07:04,2026-07-03T08:25,CANCELLED
Q276,L022,L011,Medical,3,2026-07-01T21:23,2026-07-01T23:48,COMPLETED
Q277,L004,L012,Medical,5,2026-07-01T06:36,2026-07-01T07:10,IN_PROGRESS
Q278,L012,L008,Medical,3,2026-07-08T07:36,2026-07-08T09:47,IN_PROGRESS
Q279,L021,L028,Medical,3,2026-07-05T18:44,2026-07-05T21:10,COMPLETED
Q280,L013,L010,Medical,5,2026-07-06T22:24,2026-07-06T23:08,CANCELLED
Q281,L002,L030,Document,1,2026-07-01T20:01,2026-07-02T07:39,COMPLETED
Q282,L026,L003,Medical,2,2026-07-02T22:39,2026-07-03T01:52,NEW
Q283,L027,L002,Document,2,2026-07-04T11:53,2026-07-04T15:03,NEW
Q284,L004,L012,Medical,5,2026-07-07T19:27,2026-07-07T20:00,NEW
Q285,L044,L006,Document,5,2026-07-06T16:35,2026-07-06T17:16,NEW
Q286,L028,L024,Document,1,2026-07-07T14:20,2026-07-07T23:41,NEW
Q287,L004,L023,Document,1,2026-07-06T16:22,2026-07-07T04:52,CANCELLED
Q288,L040,L043,Document,4,2026-07-01T22:42,2026-07-01T23:54,IN_PROGRESS
Q289,L002,L001,Medical,4,2026-07-01T11:12,2026-07-01T12:38,CANCELLED
Q290,L020,L026,Medical,1,2026-07-03T21:12,2026-07-04T05:39,NEW
Q291,L007,L006,Document,1,2026-07-07T14:42,2026-07-07T23:47,COMPLETED
Q292,L027,L041,Medical,2,2026-07-05T16:00,2026-07-05T19:17,IN_PROGRESS
Q293,L005,L003,Medical,2,2026-07-04T07:53,2026-07-04T12:15,IN_PROGRESS
Q294,L017,L015,Medical,5,2026-07-04T12:23,2026-07-04T12:55,COMPLETED
Q295,L028,L010,Medical,1,2026-07-03T10:24,2026-07-03T19:05,NEW
Q296,L007,L003,Document,2,2026-07-04T14:09,2026-07-04T18:39,COMPLETED
Q297,L033,L043,Document,2,2026-07-01T20:35,2026-07-02T01:17,CANCELLED
Q298,L010,L020,Medical,2,2026-07-02T15:47,2026-07-02T19:47,COMPLETED
Q299,L024,L030,Medical,5,2026-07-02T08:16,2026-07-02T08:46,NEW
Q300,L032,L050,Document,4,2026-07-05T08:44,2026-07-05T10:13,CANCELLED